{"cameraMode":{"drawMode":0,"name":"Shaded","section":"Shading Mode"},"sceneLighting":true,"audioPlay":false,"sceneViewState":{"m_AlwaysRefresh":false,"showFog":true,"showSkybox":true,"showFlares":true,"showImageEffects":true,"showParticleSystems":true,"showVisualEffectGraphs":true,"m_FxEnabled":true},"in2DMode":false,"pivot":{"x":2.6227617263793947,"y":2.0154809951782228,"z":10.574925422668457},"rotation":{"x":-0.2631855309009552,"y":-0.38348740339279177,"z":0.11498471349477768,"w":-0.8777559995651245},"size":9.388751029968262,"orthographic":false}